run_id,prefix,rep,alpha,seed,periods_completed,avg_window,price1,price2,profit1,profit2,profit_sum,profit_diff,p_nash,p_monopoly,profit_nash_per_firm,profit_monopoly_total,collusion_index,llm_calls,llm_retries,cost_usd,stopped_reason
P1_rep10_a1,P1,10,1.0,10,300,50,1.7641999999999998,1.9862,42.39745622612814,22.53511777983003,64.93257400595817,19.86233844629811,1.4729273746571154,1.924980915105245,22.29269604093542,67.49809190177618,0.8880307464426684,600,0,0.53324055,
P1_rep1_a1,P1,1,1.0,1,300,50,2.0,2.099,37.39061412701331,27.674032745449477,65.06464687246279,9.71658138156383,1.4729273746571154,1.924980915105245,22.29269604093542,67.49809190177618,0.8937949238439661,600,0,0.5229967499999998,
P1_rep2_a1,P1,2,1.0,2,300,50,1.8918000000000001,1.932,35.58396116199491,31.685678302038696,67.2696394640336,3.898282859956211,1.4729273746571154,1.924980915105245,22.29269604093542,67.49809190177618,0.9900294404614812,601,1,0.5302140000000005,
P1_rep3_a1,P1,3,1.0,3,300,50,1.965,2.0,35.15253117291463,31.7025202919382,66.85505146485283,3.4500108809764285,1.4729273746571154,1.924980915105245,22.29269604093542,67.49809190177618,0.9719351956784812,600,0,0.5272256999999999,
P1_rep4_a1,P1,4,1.0,4,300,50,2.021,2.0478,34.107755218718644,31.47090612298798,65.57866134170662,2.636849095730664,1.4729273746571154,1.924980915105245,22.29269604093542,67.49809190177618,0.9162285293677151,600,0,0.52886685,
P1_rep5_a1,P1,5,1.0,5,300,50,1.6904,1.6234,26.573691585789117,31.3078584220972,57.88155000788632,-4.734166836308084,1.4729273746571154,1.924980915105245,22.29269604093542,67.49809190177618,0.580296430823245,601,1,0.5309561999999994,
P1_rep6_a1,P1,6,1.0,6,300,50,2.009,2.103,36.96327055921239,27.807806312226944,64.77107687143933,9.155464246985446,1.4729273746571154,1.924980915105245,22.29269604093542,67.49809190177618,0.8809823786908011,600,0,0.5267625,
P1_rep7_a1,P1,7,1.0,7,300,50,1.4188,1.4145999999999999,19.794417416849818,19.92466142862906,39.719078845478876,-0.1302440117792436,1.4729273746571154,1.924980915105245,22.29269604093542,67.49809190177618,-0.2123849775295521,600,0,0.5317917,
P1_rep8_a1,P1,8,1.0,8,300,50,1.7054,2.061,45.46910403635138,16.54093714484317,62.01004118119455,28.928166891508212,1.4729273746571154,1.924980915105245,22.29269604093542,67.49809190177618,0.7604799624785422,600,0,0.52905015,
P1_rep9_a1,P1,9,1.0,9,300,50,2.05,2.0,30.49838264237003,35.476960646490454,65.97534328886049,-4.9785780041204255,1.4729273746571154,1.924980915105245,22.29269604093542,67.49809190177618,0.9335412838781745,600,0,0.5307877499999996,
P2_rep10_a1,P2,10,1.0,20,300,50,1.097,1.1436,4.852699690193665,6.120291803568465,10.97299149376213,-1.2675921133747998,1.4729273746571154,1.924980915105245,22.29269604093542,67.49809190177618,-1.4669768666417935,600,0,0.5325319499999998,
P2_rep1_a1,P2,1,1.0,11,300,50,1.055,1.0864,2.7687575375209206,3.759532084786736,6.528289622307657,-0.9907745472658154,1.4729273746571154,1.924980915105245,22.29269604093542,67.49809190177618,-1.6609610721867527,600,0,0.5206766999999999,
P2_rep2_a1,P2,2,1.0,12,300,50,1.094,1.158,4.965979134088896,6.562748296977321,11.528727431066217,-1.5967691628884246,1.4729273746571154,1.924980915105245,22.29269604093542,67.49809190177618,-1.4427223727727954,600,0,0.5321729999999996,
P2_rep3_a1,P2,3,1.0,13,300,50,1.0526,1.0456,2.3667409145921634,2.2089718172098696,4.575712731802033,0.15776909738229383,1.4729273746571154,1.924980915105245,22.29269604093542,67.49809190177618,-1.7461791785580207,600,0,0.5432305500000005,
P2_rep4_a1,P2,4,1.0,14,300,50,1.136,1.1108,6.052214486651694,5.5092064514301935,11.561420938081888,0.5430080352215008,1.4729273746571154,1.924980915105245,22.29269604093542,67.49809190177618,-1.4412955000221968,600,0,0.5272748999999998,
P2_rep5_a1,P2,5,1.0,15,300,50,1.138,1.1584,6.713061633222985,7.2036216441478675,13.916683277370852,-0.49056001092488266,1.4729273746571154,1.924980915105245,22.29269604093542,67.49809190177618,-1.3385026228055696,600,0,0.5290429500000003,
P2_rep6_a1,P2,6,1.0,16,300,50,1.0614,1.032,2.440681571006241,1.6083018557286695,4.04898342673491,0.8323797152775716,1.4729273746571154,1.924980915105245,22.29269604093542,67.49809190177618,-1.7691677093382097,600,0,0.5255219999999998,
P2_rep7_a1,P2,7,1.0,17,300,50,1.0016,1.0,0.07448497077727685,0.0,0.07448497077727685,0.07448497077727685,1.4729273746571154,1.924980915105245,22.29269604093542,67.49809190177618,-1.9426303954117559,600,0,0.5610937500000001,
P2_rep8_a1,P2,8,1.0,18,300,50,1.1059999999999999,1.1059999999999999,4.81787471861159,4.828136336233387,9.646011054844976,-0.010261617621797114,1.4729273746571154,1.924980915105245,22.29269604093542,67.49809190177618,-1.5248914925631065,600,0,0.5333047500000008,
P2_rep9_a1,P2,9,1.0,19,300,50,1.0698,1.0876000000000001,3.3245084089985024,4.136808019184643,7.461316428183145,-0.8122996101861402,1.4729273746571154,1.924980915105245,22.29269604093542,67.49809190177618,-1.6202401264575672,600,0,0.5380419000000003,
